sentence,source
The redistribution of resources can fuel the transition to renewable energy.,MSNBC
Progressive policies are required to tackle the rise in global temperatures.,MSNBC
Equity in climate action is critical to manage the effects of global warming.,MSNBC
A universal effort is needed to reduce carbon emissions.,MSNBC
Welfare policies should consider the impact of climate change on underprivileged communities.,MSNBC
Subsidies for renewable energy can reduce disparities in access.,MSNBC
Grassroots initiatives can make a difference in the fight against global warming.,MSNBC
Unionization of green jobs can provide a boost to the clean energy sector.,MSNBC
The fight against climate change requires solidarity from all nations.,MSNBC
Making solar and wind energy affordable should be a priority.,MSNBC
Socialism offers some strategies for addressing climate change.,MSNBC
Progressive policy making should center around emissions reduction.,MSNBC
Redistribution of wealth can fund investments in green technologies.,MSNBC
Equity in the distribution of clean energy resources can tackle energy disparities.,MSNBC
Universal climate policies can help reduce greenhouse gas emissions.,MSNBC
The welfare of future generations depends on our commitment to renewable energy.,MSNBC
Subsidies can make solar and wind technologies more accessible.,MSNBC
Grassroots activism is pushing for reductions in carbon dioxide emissions.,MSNBC
Unionization can protect workers in the rapidly changing energy sector.,MSNBC
Solidarity is needed in our fight against rising sea levels.,MSNBC
Affordable access to renewable energy is an issue of social equity.,MSNBC
Socialism and the green movement intersect in many ways.,MSNBC
Progressive leaders are calling for more investment in sustainability.,MSNBC
Redistribution of resources can assist in transitioning to a green economy.,MSNBC
Equity in climate action can ensure that no underprivileged communities are left behind.,MSNBC
Universal access to clean energy can help mitigate climate change effects.,MSNBC
Welfare considerations must be central to any discussions about pollution reduction.,MSNBC
Subsidies can help boost the grassroots production of renewable energy.,MSNBC
Unionization is a key aspect of promoting fair work in the green sector.,MSNBC
Solidarity in tackling climate change will ensure a safer future for all.,MSNBC
Redistribution of funds towards renewable energy can help combat the global temperature rise.,MSNBC
Progressive policies can play a pivotal role in ensuring equity in our fight against climate change.,MSNBC
The universal threat of rising sea levels calls for solidarity and collective action.,MSNBC
Welfare initiatives should include support for underprivileged communities disproportionately affected by climate change.,MSNBC
Providing subsidies for solar and wind power can bridge the energy disparity in our society.,MSNBC
Grassroots initiatives have a powerful role to play in driving the transition to a more sustainable future.,MSNBC
Unionization can ensure fair labor practices in the emerging green job market.,MSNBC
Affordable access to clean energy is essential for a just transition to a carbon-free society.,MSNBC
"A progressive, socialist approach could be beneficial in our global efforts to reduce emissions.",MSNBC
Redistribution of resources towards clean energy can reduce our dependence on fossil fuels.,MSNBC
The quest for climate equity calls for subsidies to encourage renewable energy adoption among underprivileged communities.,MSNBC
"Universal support for renewable energy sources like wind, solar, and hydro is a practical way forward.",MSNBC
Welfare programs need to consider the far-reaching impacts of global warming.,MSNBC
Progressive climate action needs to address the disparities in carbon dioxide pollution across communities.,MSNBC
"Grassroots efforts, driven by a sense of solidarity, can impact change at a global level.",MSNBC
Unionization can ensure that workers in the renewable sector have their rights protected.,MSNBC
"The goal of affordable, clean energy for all is a pillar of progressive climate policy.",MSNBC
The principles of socialism could offer some answers in addressing the global climate crisis.,MSNBC
"Subsidies can incentivize the transition to green technologies, promoting sustainability.",MSNBC
Redistribution can play a key role in funding grassroots renewable energy projects.,MSNBC
A universal climate policy can level the playing field and help combat rising greenhouse gases.,MSNBC
Equity in the adoption of renewable energy technologies is vital to ensure no community is left behind.,MSNBC
Welfare considerations must include preparing for the long-term impacts of global warming.,MSNBC
Unionization is essential to protect the rights of workers transitioning to green jobs.,MSNBC
Solidarity is key in combating the universal threat of climate change.,MSNBC
"Affordable renewable energy is a crucial step towards a sustainable, low-emission future.",MSNBC
Progressive policies centered on socialism can facilitate the transition to a green economy.,MSNBC
Grassroots movements have a key role to play in the fight against deforestation.,MSNBC
"Subsidies can incentivize the switch to cleaner, renewable energy, reducing overall emissions.",MSNBC
"A universal approach to combating climate change could ensure a safer, more equitable future for all.",MSNBC
Redistribution of resources is necessary for universal access to renewable energy.,MSNBC
Progressive actions are needed to limit and reverse global warming.,MSNBC
Equity is central to all climate change solutions and policies.,MSNBC
A universal commitment is needed to address the increasing levels of carbon dioxide in our atmosphere.,MSNBC
Welfare policies need to include provisions for the underprivileged impacted by climate change.,MSNBC
Government subsidies for green energy can reduce the disparity in energy accessibility.,MSNBC
Grassroots movements are instrumental in pushing for solutions to combat global warming.,MSNBC
Unionization in the renewable energy sector will ensure fair wages and conditions.,MSNBC
Solidarity among nations is essential to effectively combat rising sea levels.,MSNBC
Progressive policies can make solar energy more affordable and accessible to everyone.,MSNBC
"Socialism advocates for equal distribution of resources, including access to renewable energy.",MSNBC
"The redistribution of resources can fund necessary transitions to clean, renewable energy.",MSNBC
Equity must be central to climate change policies to ensure no underprivileged community is left behind.,MSNBC
Universal commitment is required to address the global challenge of greenhouse gas emissions.,MSNBC
Welfare policies should integrate support for communities affected by climate-induced weather changes.,MSNBC
Subsidies for wind power can help build a more equitable and green energy infrastructure.,MSNBC
Grassroots initiatives can play a significant role in the promotion of sustainability and reduction of pollution.,MSNBC
Unionization can ensure worker's rights are protected in the transition to a green economy.,MSNBC
Solidarity among all countries is essential in our efforts to reduce global warming.,MSNBC
Affordable access to renewable energy sources is a matter of social equity.,MSNBC
Socialism may offer unique perspectives on how to address the complex issue of climate change.,MSNBC
Redistribution policies can help fund critical research in carbon capture and sequestration.,MSNBC
Progressive leadership is needed to drive investment in green technologies.,MSNBC
Equity in renewable energy access can help address socioeconomic disparities.,MSNBC
Universal climate agreements can help curb emissions and mitigate the impacts of climate change.,MSNBC
Welfare policies must incorporate the effects of climate change on the most vulnerable communities.,MSNBC
Subsidies for renewable energy can stimulate economic growth and sustainability.,MSNBC
Grassroots movements can encourage local and global actions to mitigate climate change.,MSNBC
Unionization of green jobs can help ensure a just transition to a sustainable economy.,MSNBC
Solidarity is key in facing the shared global challenge of climate change.,MSNBC
Affordable renewable energy solutions can ensure equitable access for all.,MSNBC
The principles of socialism can provide a framework for climate justice and equitable distribution of resources.,MSNBC
Progressive policies can spur the development of renewable energy and decrease carbon emissions.,MSNBC
"Redistribution of wealth can support the transition to a green economy, benefitting everyone.",MSNBC
"Equity in the provision of clean, renewable energy can help close the gap in energy access.",MSNBC
A universal approach to climate change is necessary to reduce greenhouse gases effectively.,MSNBC
Welfare considerations should be integral to climate change policies and strategies.,MSNBC
"Subsidies can help in promoting wind and solar energy, making them more accessible.",MSNBC
Grassroots movements are vital in the fight against deforestation and climate change.,MSNBC
Unionization can help safeguard workers' rights in the emerging green economy.,MSNBC
The redistribution of resources towards green initiatives is an effective strategy for climate change mitigation.,MSNBC
Progressive policies are essential to curb rising global temperatures and promote sustainability.,MSNBC
Subsidies for underprivileged communities can facilitate access to affordable renewable energy solutions.,MSNBC
A universal approach to reduce greenhouse gas emissions is critical in the face of climate change.,MSNBC
The welfare of communities heavily impacted by climate change must be factored into policy decisions.,MSNBC
Equity in the distribution of clean energy resources can significantly reduce disparities.,MSNBC
Grassroots efforts towards deforestation reversal can play a pivotal role in controlling global warming.,MSNBC
Unionization in the renewable energy sector promotes fair wages and worker rights.,MSNBC
Solidarity is key in mobilizing global efforts to reduce carbon dioxide levels in the atmosphere.,MSNBC
"Socialism brings a different perspective to addressing climate change, emphasizing welfare and equity.",MSNBC
The redistribution of wealth could help finance advancements in green technologies.,MSNBC
Progressive climate policies aim to make renewable energy universally accessible.,MSNBC
"Subsidies can stimulate the transition to a green economy, helping to mitigate climate change.",MSNBC
Equity is central to ensuring all communities benefit from wind and solar power investments.,MSNBC
Grassroots initiatives are key to promoting a sustainable lifestyle and reducing pollution.,MSNBC
Unionization within the green job sector can ensure equitable work conditions in this growing industry.,MSNBC
Universal strategies to reduce methane emissions should be central to global climate action plans.,MSNBC
Affordable access to renewable energy is a progressive step towards social equity.,MSNBC
Solidarity in tackling rising sea levels will ensure a safer future for all.,MSNBC
"Socialism offers some solutions to climate change, focusing on redistribution and welfare.",MSNBC
Equity in climate policy can ensure underprivileged communities aren't disproportionately affected by global warming.,MSNBC
Progressive leaders are championing for universal access to renewable energy technologies.,MSNBC
Redistribution of wealth towards the green economy can accelerate the transition to sustainable practices.,MSNBC
Subsidies for renewable energy development can alleviate disparities in energy access.,MSNBC
Grassroots movements are central to building a consensus for climate change action.,MSNBC
Solidarity in global efforts to reduce emissions is paramount in addressing climate change.,MSNBC
Affordable and universal access to clean energy solutions is key to progressive climate policies.,MSNBC
Unionization can ensure fair labor practices in the transition to a green economy.,MSNBC
Socialism offers approaches to environmental policy that center on equity and welfare.,MSNBC
Grassroots initiatives in deforestation reversal can be powerful agents of change.,MSNBC
Progressive policies advocate for universal strategies to reduce greenhouse gas emissions.,MSNBC
The welfare of future generations depends on concerted global efforts to combat climate change.,MSNBC
Subsidies for clean technologies can make renewable energy more accessible to underprivileged communities.,MSNBC
Equity in access to renewable energy sources can reduce disparities and promote fairness.,MSNBC
Unionization is crucial in safeguarding workers' rights as we transition to a green economy.,MSNBC
Solidarity across nations can facilitate a comprehensive global approach to reducing carbon emissions.,MSNBC
Affordable access to green technologies is a progressive solution to environmental disparity.,MSNBC
The redistribution of resources can bolster grassroots initiatives for climate action.,MSNBC
Universal approaches are required to mitigate the effects of increasing global temperatures.,MSNBC
Equity should be central to policies addressing climate change and its impacts.,MSNBC
Progressive strategies that foster the welfare of all citizens should guide the transition to a sustainable future.,MSNBC
Subsidies are instrumental in making solar power more accessible to underprivileged communities.,MSNBC
Grassroots movements play a significant role in raising awareness and prompting action on climate change.,MSNBC
Unionization within the renewable sector can ensure fair practices as the green job market expands.,MSNBC
Solidarity among nations is critical for effective global climate change policies.,MSNBC
Affordable renewable energy technologies can lessen the environmental burden on lower-income households.,MSNBC
Redistribution strategies can help finance sustainable practices on a global scale.,MSNBC
Socialism's emphasis on welfare and equity can influence climate change policies.,MSNBC
Universal access to renewable energy resources can mitigate disparities in energy use.,MSNBC
Progressive policy-making should integrate the welfare of underprivileged communities in the face of climate change.,MSNBC
Redistribution of resources is crucial to universalize the use of renewable energy in the fight against climate change.,MSNBC
Progressive policies are central to global efforts aimed at reducing emissions and curbing warming.,MSNBC
Equitable access to green technologies can help underprivileged communities contribute to climate action.,MSNBC
A universal commitment to reduce deforestation can significantly lower carbon emissions.,MSNBC
Welfare policies should include subsidies for renewable energy to alleviate energy disparities.,MSNBC
Progressive strategies aimed at combating climate change should include redistribution of wealth towards green projects.,MSNBC
Grassroots initiatives play a vital role in promoting renewable energy and reducing carbon dioxide emissions.,MSNBC
Unionization of green jobs can promote equity in the clean energy sector.,MSNBC
Solidarity in the face of climate change can lead to more sustainable and equitable global policies.,MSNBC
Making wind and hydro energy affordable can democratize the fight against global warming.,MSNBC
"Universal climate policies, driven by progressive leaders, can promote equity in carbon reduction efforts.",MSNBC
"Subsidies can stimulate the growth of grassroots renewable energy projects, aiding in the transition to a green economy.",MSNBC
Redistribution of wealth is essential for funding sustainable initiatives and renewable energy research.,MSNBC
"Unionization in the green sector can ensure fair wages and work conditions, promoting the welfare of employees.",MSNBC
Solidarity in climate action is the key to addressing the global rise in temperature.,MSNBC
Affordable and universal access to clean energy is vital for maintaining a sustainable atmosphere.,MSNBC
Socialism's focus on welfare and equity can offer strategies to combat climate change.,MSNBC
"Progressive climate policies should prioritize subsidies for renewable energy, promoting a cleaner environment.",MSNBC
Grassroots activism is essential to draw attention to the consequences of unchecked carbon emissions.,MSNBC
Redistribution of resources can drive a more equitable and effective response to rising sea levels.,MSNBC
Universal efforts to reduce methane emissions can significantly impact global warming.,MSNBC
"Subsidies for renewable energy technologies can make them accessible, fostering grassroots involvement in climate change mitigation.",MSNBC
The welfare of future generations depends on solidarity and universal commitment to reducing pollution.,MSNBC
Equity in climate action ensures underprivileged communities are included in the solution to global warming.,MSNBC
Unionization can ensure fair and equitable practices within the rapidly growing renewable energy sector.,MSNBC
Grassroots movements play a crucial role in the push for a global reduction in carbon emissions.,MSNBC
Redistribution of wealth to fund renewable energy projects is a progressive approach to climate change.,MSNBC
Universal solidarity is crucial in tackling the rising global temperatures caused by deforestation.,MSNBC
"Subsidies can make wind and solar energy more affordable, addressing disparities in energy access.",MSNBC
Equity in climate action means ensuring underprivileged communities are not disproportionately affected by climate change.,MSNBC
A universal commitment to sustainability is the best way to combat the global warming crisis.,MSNBC
Progressive policies can drive the redistribution of resources to bolster renewable energy research.,MSNBC
Welfare measures should be put in place to protect those most affected by rising sea levels.,MSNBC
The unionization of green jobs could ensure fairness and equity in the rapidly growing renewable sector.,MSNBC
"Subsidies for renewable energy, a progressive strategy, could level the playing field for underprivileged communities.",MSNBC
The fight against climate change requires a global effort of solidarity and universal commitment to green practices.,MSNBC
"Redistribution policies could enable more affordable access to solar power, reducing carbon dioxide emissions.",MSNBC
"Grassroots initiatives, with their inherent equity and community engagement, are crucial in the fight against global warming.",MSNBC
Progressive policy making is central to achieving renewable energy goals and reducing methane emissions.,MSNBC
Welfare of vulnerable communities should be considered in the face of the global warming crisis.,MSNBC
"Subsidies can drive the transition to wind energy, reducing disparity in renewable energy accessibility.",MSNBC
Solidarity amongst nations is required to combat the shared threat of global warming.,MSNBC
Affordable solar energy is a fundamental part of progressive climate change policy.,MSNBC
The unionization of workers in the renewable energy sector is key for maintaining equity as we transition to a green economy.,MSNBC
"Universal access to clean energy sources, like wind and solar, can significantly reduce carbon emissions.",MSNBC
Socialism provides some insights into how redistribution could fund climate change initiatives.,MSNBC
Grassroots initiatives in renewable energy can play a key role in reducing global temperature increases.,MSNBC
Solidarity in fighting pollution is a crucial step towards sustainability.,MSNBC
Equity in the transition to renewable energy will ensure all communities can benefit from the reduction in emissions.,MSNBC
Progressive leaders advocate for a universal commitment to renewable energy to combat climate change.,MSNBC
"Redistribution policies can accelerate the transition towards green energy, thereby reducing global warming.",MSNBC
Subsidies for clean energy technology could help reduce the disparity in access to renewable sources.,MSNBC
Unionization can ensure equity and fair compensation in the emerging green job market.,MSNBC
"Solidarity is paramount in the fight against climate change, advocating for a more sustainable future for all.",MSNBC
Affordable access to renewable energy is essential to progressive policy making.,MSNBC
Redistribution of resources can facilitate a universal transition to sustainable practices.,MSNBC
Progressive leaders are advocating for welfare measures to support communities affected by climate change.,MSNBC
Subsidies can make wind and hydro power more accessible to underprivileged communities.,MSNBC
Unionization in the green sector can ensure fair wages and work conditions in the face of a climate change crisis.,MSNBC
Grassroots initiatives are crucial in promoting renewable energy solutions and reducing global warming disparities.,MSNBC
Deregulation will lead to innovations in fighting global warming.,FOX
The push for renewable energy is an overreach by big government.,FOX
The fiscal responsibility of investing in solar technology should not be ignored.,FOX
This tax cut will allow entrepreneurs to invest in clean energy initiatives.,FOX
Capitalism will provide the most efficient solution to greenhouse gas emissions.,FOX
Autonomy in energy production could lead to better strategies for carbon reduction.,FOX
Overtaxation could stifle innovation in the renewable energy sector.,FOX
The profitability of wind energy is a testament to the power of free markets.,FOX
Privatization could lead to breakthroughs in biomass energy production.,FOX
Fiscal conservatives argue that market-driven solutions will help solve climate change.,FOX
Overreach by global agencies can hinder capitalist solutions to climate change.,FOX
The push for deregulation in the hydro energy sector is gaining momentum.,FOX
"With the current tax cut, entrepreneurs are turning their focus to methane reduction technologies.",FOX
Capitalist solutions to global warming remain an important research area.,FOX
Fiscal strategies need to be considered in the fight against global warming.,FOX
Profitability is a key driver in sustainability projects.,FOX
Autonomy in decision-making is crucial to progress in renewable energy.,FOX
Overtaxation can deter companies from investing in wind and solar energy.,FOX
The potential profitability of green technologies is a compelling argument for deregulation.,FOX
Capitalist societies have the potential to lead in reducing carbon emissions.,FOX
The issue of overreach should not overshadow the importance of sustainability.,FOX
Tax cuts can stimulate investments in pollution reduction.,FOX
Entrepreneurs are our greatest hope in the fight against rising global temperatures.,FOX
The fiscal impacts of climate change need to be addressed.,FOX
Overreach in environmental policies can lead to unexpected consequences.,FOX
Autonomy in decision-making can fast-track renewable energy projects.,FOX
The potential profitability of transitioning to a green economy is encouraging.,FOX
Overtaxation can hinder progress in developing clean energy solutions.,FOX
Entrepreneurs in the renewable sector are capitalizing on deregulation policies.,FOX
"Capitalism, coupled with a focus on sustainability, could pave the way for a greener future.",FOX
The opportunity for deregulation in the renewable sector may be the key to reducing carbon emissions.,FOX
Tax cuts could incentivize entrepreneurs to develop innovative solutions for greenhouse gas capture.,FOX
"Some argue that the recent push for solar energy constitutes governmental overreach, potentially stifling free market solutions.",FOX
"Capitalism, when applied wisely, can turn the profitability of wind farms into a solution for global warming.",FOX
Privatization of the hydro power sector could lead to enhanced sustainability efforts.,FOX
Fiscal responsibility is paramount when investing in high-risk but high-reward atmospheric technologies.,FOX
"Entrepreneurs are stepping up, using their autonomy to lead the charge in methane capture initiatives.",FOX
Overtaxation on green tech could discourage innovation and investment in this crucial area.,FOX
The potential profitability of bioenergy could unlock new capitalist ventures in climate change mitigation.,FOX
"Fiscal conservatives emphasize the need for cost-effective, market-driven transitions to renewable energies.",FOX
Critics argue that overreach in climate policy may stifle capitalism’s potential to innovate in emissions reduction.,FOX
Deregulation in the biomass sector has the potential to stimulate entrepreneurial efforts in carbon sequestration.,FOX
"Autonomy in our approach to deforestation could lead to novel, profitable strategies.",FOX
The potential profitability of wind energy solutions could drive a new era of green capitalism.,FOX
A tax cut in the solar industry could spur more entrepreneurial ventures in this space.,FOX
The fiscal benefits of investing in renewable energy can no longer be ignored.,FOX
Overregulation can stifle innovation and hinder the potential profitability of green technology.,FOX
Autonomy in energy sectors could boost renewable sources and contribute to global warming solutions.,FOX
Profitability and sustainability can be harmonized with a capitalist approach to environmental stewardship.,FOX
A tax cut for green energy investment could give a significant boost to the development of renewable infrastructure.,FOX
Deregulation in the renewable energy sector could encourage more entrepreneurs to join the fight against climate change.,FOX
"Capitalism has the potential to drive solutions for global warming, given the right fiscal incentives.",FOX
Autonomy in energy choices could bolster market-driven approaches to sustainability.,FOX
Privatization in the hydro sector could be a game-changer in our fight against rising temperatures.,FOX
Profitability remains a key metric in assessing the viability of wind and solar energy ventures.,FOX
Overtaxation of green tech could undermine the market's ability to drive down carbon emissions.,FOX
"Entrepreneurs are making great strides in the renewable sector, capitalizing on recent deregulations.",FOX
Fiscal responsibility should be paramount when considering new sustainability projects.,FOX
Government overreach may hinder the potential profitability of green initiatives.,FOX
"With autonomy and a focus on free-market solutions, capitalism could pave the way for a more sustainable future.",FOX
The deregulation of energy markets could spur advancements in carbon capture technology.,FOX
"Global warming is a challenge, but we should avoid governmental overreach in imposing solutions.",FOX
The fiscal implications of transitioning to renewable energy warrant prudent deliberation.,FOX
"Through tax cuts, we can inspire entrepreneurs to pioneer solutions to methane emissions.",FOX
"Capitalism, if not hampered by overtaxation, will drive the development of renewable energy technologies.",FOX
The profitability of solar energy projects underscores the role of free-market economics in climate solutions.,FOX
Privatization can yield more efficient methods for addressing increasing global temperatures.,FOX
"Fiscal conservatism need not be at odds with investing in renewable, green technologies.",FOX
Autonomy in the energy sector could lead to innovations in reducing greenhouse gas emissions.,FOX
Addressing deforestation responsibly necessitates a careful balance between regulation and capitalist entrepreneurship.,FOX
Overreach in environmental mandates can stifle the innovative power of the free market.,FOX
"Deregulation of wind energy can lead to a more robust, profitable industry.",FOX
"The tax cut will boost private sector investment in sustainable, clean energy.",FOX
The fiscal responsibility of addressing climate change cannot be ignored.,FOX
Capitalism can lead to efficient and effective solutions for reducing carbon dioxide in the atmosphere.,FOX
Tax cuts could enable the development of profitable hydroelectric projects.,FOX
Privatization in the energy sector can lead to efficiency and profitability.,FOX
"Entrepreneurs, empowered by deregulation, are leading the way in sustainable energy solutions.",FOX
"With fiscal caution, the transition to a green economy can be profitable and efficient.",FOX
"Overtaxation can hamper efforts to implement advanced, clean technologies.",FOX
The autonomy of states in setting their own climate policies can foster creative solutions.,FOX
Capitalism will drive the most efficient methods to reduce emissions and combat global warming.,FOX
Avoiding overreach in environmental regulations can lead to a more sustainable and profitable future.,FOX
Fiscal responsibility is crucial in determining how we finance the transition to renewable energy.,FOX
Deregulation can stimulate innovation in capturing and reducing methane emissions.,FOX
A tax cut can incentivize entrepreneurs to invest in innovative sustainability projects.,FOX
The profitability of renewable energy demonstrates the effectiveness of free-market solutions.,FOX
The fight against rising sea levels should respect capitalist principles and autonomy.,FOX
Overreaching climate regulations can stifle the fiscal health of our economy.,FOX
Autonomy and the free market can lead to efficient and effective solutions to climate change.,FOX
"Privatization can spur innovation in the renewable energy sector, leading to a greener future.",FOX
Entrepreneurship in the clean energy sector can accelerate the transition to a sustainable economy.,FOX
Capitalism can foster the creation of solutions to reduce deforestation and promote sustainability.,FOX
Fiscal policy should be aligned with our goals of reducing pollution and promoting clean energy.,FOX
Overregulation can hamper the profitability of green businesses and slow down our climate efforts.,FOX
Autonomy in the energy sector is essential for rapid adaptation and innovation.,FOX
Overtaxation can create hurdles for businesses investing in renewable energy.,FOX
The profitability of green businesses highlights the power of the free market in driving climate solutions.,FOX
Entrepreneurs in the private sector have a significant role to play in combating global warming.,FOX
Balancing fiscal prudence and environmental stewardship is crucial for a sustainable future.,FOX
The path to sustainability can be smoothened with judicious deregulation.,FOX
Privatization of green technology research could potentially lead to a revolution in renewable energy.,FOX
The potential of solar power to address global warming underscores the fiscal prudence of investing in renewables.,FOX
"Entrepreneurs, spurred by tax cuts, are creating innovative solutions to reduce carbon emissions.",FOX
Autonomy in dealing with climate change issues allows capitalist economies to devise bespoke strategies.,FOX
"Overtaxation can stymie growth in the wind energy sector, impacting its profitability.",FOX
Fiscal conservatives view the transition to a green economy as an opportunity for market-driven solutions.,FOX
"Capitalism can turn the challenge of climate change into profitable opportunities, encouraging solutions.",FOX
Entrepreneurs are leveraging deregulation to pioneer renewable energy solutions.,FOX
Government overreach can hamper progress in the private sector's fight against global warming.,FOX
Autonomy in environmental decisions can speed up the adoption of biomass energy solutions.,FOX
"Fiscal responsibility is integral to managing climate change, especially in our transition to renewable energy.",FOX
Tax cuts could invigorate the private sector's efforts in curbing methane emissions.,FOX
Deregulation could help unlock the full potential of hydroelectric power.,FOX
Overtaxation could impede the adoption of clean technologies and hamper efforts towards sustainability.,FOX
The quest for profitability drives capitalist societies to devise innovative solutions to cut carbon emissions.,FOX
Entrepreneur-led renewable energy projects highlight the power of autonomy in combating climate change.,FOX
"Fiscal policy reforms, including deregulation, can stimulate investments in green technologies.",FOX
Overreach in environmental governance could impede the private sector's role in reducing pollution.,FOX
Capitalism’s inherent drive for profitability could spur the necessary innovations for a sustainable future.,FOX
Tax cuts can stimulate corporate investments in carbon capture technologies.,FOX
"Entrepreneurs are leading the way in climate change mitigation, offering solutions for deforestation.",FOX
"Capitalism fosters competition, pushing for more efficient and cost-effective renewable energy sources.",FOX
Privatization could potentially revolutionize the wind and solar energy markets.,FOX
The fiscal benefits of a greener economy should not be downplayed in the face of climate change.,FOX
Overreach in the name of climate policy can limit autonomy and impede innovative solutions.,FOX
Capitalist economies have the potential to lead the transition towards renewable energy.,FOX
The potential for profitability in green industries is a compelling reason against overtaxation.,FOX
Tax cuts could potentially spur significant growth in the renewable energy sector.,FOX
Capitalism incentivizes entrepreneurs to devise innovative solutions to reduce greenhouse gases.,FOX
Fiscal measures need to balance sustainability efforts and the economy's health.,FOX
Autonomy allows companies to explore innovative approaches to reduce emissions.,FOX
Government overreach could disrupt the profitability of green energy initiatives.,FOX
The deregulation of renewable energy markets can inspire entrepreneurs to create sustainable solutions.,FOX
Privatization might stimulate a new era of innovation in the green energy sector.,FOX
Profitability in the renewable sector shows capitalism's potential to tackle climate change.,FOX
The impact of overtaxation can stifle advancements in green technologies.,FOX
"Fiscal strategies must prioritize the transition to renewable energy sources like wind, solar, and hydro.",FOX
The profitability of sustainable practices emphasizes the role of capitalism in combating climate change.,FOX
"Entrepreneurs, buoyed by tax cuts, are leading the charge in green innovation.",FOX
Fiscal policies should encourage private sector involvement in managing carbon emissions.,FOX
Autonomy is critical for firms investing in renewable energy projects.,FOX
The profitability of green businesses should encourage deregulation and foster growth.,FOX
Capitalist economies can address climate change effectively through market-oriented solutions.,FOX
"Entrepreneurs, driven by the potential profitability, are exploring innovative strategies for deforestation reversal.",FOX
Overtaxation may thwart efforts in the private sector to tackle climate change.,FOX
Fiscal incentives can drive the adoption of renewable energy technologies.,FOX
Government overreach might hinder the natural evolution of the free market towards greener solutions.,FOX
Capitalism and sustainability can coexist and flourish in the face of climate change.,FOX
Entrepreneur-led initiatives demonstrate the power of deregulation in sparking green innovation.,FOX
"Deregulation can foster the development of renewable energy, ensuring capitalism thrives in a green economy.",FOX
"Entrepreneurs are spearheading efforts to mitigate global warming, thanks to the fiscal benefits of clean energy technology.",FOX
Overreach in imposing greenhouse gas regulations may stifle the growth of entrepreneurial ventures in renewable energy.,FOX
"Tax cuts could incentivize corporations to invest in reducing carbon emissions, promoting both profitability and sustainability.",FOX
"Amid concerns of overtaxation, autonomy in energy production may provide a profitable solution to climate change.",FOX
Capitalism could be the key to the widespread adoption of wind and solar power.,FOX
Profitability in the renewable energy sector highlights the efficacy of deregulation in combating global warming.,FOX
The privatization of biomass energy production could lead to significant reductions in carbon dioxide emissions.,FOX
Fiscal considerations are at the forefront of discussions about sustainable transitions in the energy sector.,FOX
"While preventing overreach, the deregulation of hydro power could stimulate a green economic boom.",FOX
A tax cut may help entrepreneurs drive innovation in methane reduction technologies.,FOX
"Capitalism offers a diverse range of solutions to global warming, highlighting the need for a balanced regulatory approach.",FOX
Fiscal planning is integral to managing the adverse effects of climate change.,FOX
Autonomy in renewable energy projects could hasten our journey towards sustainability.,FOX
"Concerns of overtaxation may deter investment in renewable resources, impacting our fight against rising temperatures.",FOX
The potential profitability of green technologies provides a powerful argument for deregulation.,FOX
Sustainability efforts driven by capitalist societies could lead the charge in carbon emission reduction.,FOX
Overtaxation can hinder the development and deployment of innovative solutions to climate change.,FOX
"With tax cuts, entrepreneurs can unlock the full potential of renewable energy sources.",FOX
Fiscal implications of climate change must be thoroughly examined and addressed.,FOX
Capitalist strategies to combat global warming have proven to be both profitable and sustainable.,FOX
Excessive governmental overreach may stymie the growth of the renewable energy sector.,FOX
The profitability of green technologies shows the power of autonomy in decision-making.,FOX
Overtaxation risks slowing down the transition to renewable energy sources.,FOX
"Deregulation policies encourage entrepreneurs to venture into renewable energy technologies, driving climate change solutions.",FOX
Autonomy in decision-making is vital to navigate the challenges posed by global warming.,FOX
Entrepreneur-led innovations in renewable energy can be hampered by overregulation.,FOX
Overreach in imposing green policies could hinder the capitalist ability to combat climate change.,FOX
Fiscal prudence demands serious consideration of the profitability of solar energy investments.,FOX
This tax cut could encourage businesses to invest more in reducing carbon emissions.,FOX
Deregulation may enable faster transition to renewable sources like wind and hydro power.,FOX
A fiscally responsible approach to climate change includes a cost-benefit analysis of biomass energy production.,FOX
Profitability in green technology could be boosted through the privatization of research and development.,FOX
Capitalist market solutions are paramount in tackling the effects of deforestation on climate change.,FOX
"Deregulation could spark entrepreneurial spirit in the renewable energy sector, driving us towards a sustainable future.",FOX
Autonomy for companies to explore their own paths to sustainability is threatened by government overreach.,FOX
Overtaxation could prevent profitable investments in pollution control technologies.,FOX
"Capitalism, not government regulation, will spur the innovation needed to address methane emissions.",FOX
"The profitability of green energy sectors could lead to a fiscal windfall, boosting the economy while saving the planet.",FOX
The recent tax cut provides an opportunity for entrepreneurs to advance in renewable energy research.,FOX
Overreach of global climate accords may inhibit the capitalist drive for green innovation.,FOX
Autonomy in corporate decision-making may accelerate the transition to renewable energies.,FOX
Deregulation can foster entrepreneurial endeavors to combat global warming.,FOX
Overreach in climate policies can hamper the growth of the renewable energy industry.,FOX
The profitability of a business should not be undermined by heavy taxation on carbon emissions.,FOX
Tax cuts for green projects could help make wind energy a more attractive investment.,FOX
Capitalism offers the resources and competitive drive necessary to tackle rising sea levels.,FOX
Fiscal responsibility should not be compromised in the face of transitioning to a greener economy.,FOX
Overtaxation can discourage businesses from investing in renewable energy.,FOX
Autonomy and deregulation could lead to a boom in private sector-led climate change solutions.,FOX
Capitalist economies have the potential to lead in sustainability efforts without unnecessary overreach.,FOX
Tax cuts for green initiatives could boost entrepreneurial engagement in emission reduction strategies.,FOX
The fiscal advantages of investing in renewable energy should not be overlooked.,FOX
Privatization in the energy sector could lead to efficient and profitable solutions for reducing methane emissions.,FOX
Overtaxation of green initiatives could stall the progress towards a sustainable future.,FOX
"Entrepreneurs are at the forefront of combating climate change, powered by deregulation.",FOX
"Capitalism, alongside environmental consciousness, could lead to innovative solutions to combat rising temperatures.",FOX
Overreach in governmental climate policies could inhibit the profitable transition to renewable energies.,FOX
Fiscal responsibility demands a closer examination of the potential profitability in solar and wind energy.,FOX
"Deregulation can incentivize entrepreneurs to invest in cleaner technologies, providing a market-based approach to fighting climate change.",FOX
